Code,Parent,Name_fr
"01100","0110","Officiers des forces armées"
"02100","0210","Sous-officiers des forces armées"
"03100","0310","Autres membres des forces armées"
"10000","1000","Directeurs, cadres de direction et gérants, sip"
"11000","1100","Directeurs généraux, cadres supérieurs et membres de l’Exécutif et des corps législatifs, sip"
"11100","1110","Membres des corps législatifs et cadres supérieurs de l’administration publique, sip"
"11110","1111","Membres des corps législatifs"
"11120","1112","Cadres supérieurs de l’administration publique"
"11130","1113","Chefs traditionnels et chefs de village"
"11140","1114","Dirigeants et cadres supérieurs d’organisations spécialisées"
"11200","1120","Directeurs généraux d’entreprise"
"12000","1200","Directeurs de services administratifs et commerciaux, sip"
"12100","1210","Directeurs de services administratifs, sip"
"12110","1211","Directeurs et cadres de direction, services financiers"
"12120","1212","Directeurs et cadres de direction, ressources humaines"
"12130","1213","Directeurs et cadres de direction, stratégie et planifications"
"12190","1219","Directeurs des services administratifs non classés ailleurs"
"12200","1220","Directeurs et cadres de direction, ventes, marketing et développement, sip"
"12210","1221","Directeurs et cadres de direction, ventes et marketing, sip"
"12211","1221","Directeurs et cadres de direction, vente"
"12212","1221","Directeurs et cadres de direction, marketing"
"12220","1222","Directeurs et cadres de direction, publicité et relations publiques"
"12230","1223","Directeurs et cadres de direction, recherche et développement"
"13000","1300","Directeurs et cadres de direction, production et services spécialisés, sip"
"13100","1310","Directeurs et cadres de direction, agriculture, sylviculture et pêche, sip"
"13110","1311","Directeurs et cadres de direction, agriculture et sylviculture"
"13120","1312","Directeurs et cadres de direction, aquaculture et pêche"
"13200","1320","Directeurs et cadres de direction, industries manufacturières, mines, bâtiment et distribution, sip"
"13210","1321","Directeurs et cadres de direction, industrie manufacturière"
"13220","1322","Directeurs et cadres de direction, mines"
"13230","1323","Directeurs et cadres de direction, bâtiment, sip"
"13231","1323","Directeurs et cadres de direction, bâtiment, secteur principal de la construction"
"13232","1323","Directeurs et cadres de direction, bâtiment, second œuvre"
"13240","1324","Directeurs et cadres de direction, approvisionnement, distribution et assimilés"
"13300","1330","Directeurs et cadres de direction, technologies de l’information et de la communication"
"13400","1340","Cadres de direction, services spécialisés, sip"
"13410","1341","Cadres de direction, garde d’enfants"
"13420","1342","Cadres de direction, services de santé"
"13430","1343","Cadres de direction, services aux personnes âgées"
"13440","1344","Cadres de direction, services sociaux"
"13450","1345","Cadres de direction, éducation"
"13460","1346","Directeurs et cadres de direction, banque, services financiers, assurances et succursales, sip"
"13461","1346","Directeurs et cadres de direction, banque, services financiers et assurances"
"13462","1346","Directeurs et cadres de direction, succursales de banque, services financiers et assurances"
"13490","1349","Autres cadres de direction, services spécialisés non classés ailleurs"
"14000","1400","Directeurs et gérants de l’hôtellerie, la restauration, le commerce et autres services, sip"
"14100","1410","Directeurs et gérants, hôtellerie et restauration, sip"
"14110","1411","Directeurs et gérants, hôtellerie"
"14120","1412","Directeurs et gérants, restauration"
"14200","1420","Directeurs et gérants, commerce de détail et de gros"
"14300","1430","Autres directeurs et gérants, sip"
"14310","1431","Directeurs et gérants, centres sportifs, centres de loisirs et centres culturels"
"14390","1439","Directeurs et gérants, services non classés ailleurs"
"20000","2000","Professions intellectuelles et scientifiques, sip"
"21000","2100","Spécialistes des sciences techniques, sip"
"21100","2110","Physiciens, chimistes, géologues et assimilés, sip"
"21110","2111","Physiciens et astronomes"
"21120","2112","Météorologues"
"21130","2113","Chimistes"
"21140","2114","Géologues et géophysiciens"
"21200","2120","Mathématiciens, actuaires et statisticiens"
"21300","2130","Spécialistes des sciences de la vie, sip"
"21310","2131","Biologistes, botanistes, zoologistes et assimilés"
"21320","2132","Agronomes et assimilés"
"21330","2133","Spécialistes de la protection de l’environnement"
"21400","2140","Ingénieurs (sauf électrotechnique), sip"
"21410","2141","Ingénieurs, sciences techniques de la production et de l’industrie"
"21420","2142","Ingénieurs civils"
"21430","2143","Ingénieurs écologistes"
"21440","2144","Ingénieurs mécaniciens, mécatroniciens et de systèmes, sip"
"21441","2144","Ingénieurs mécaniciens"
"21442","2144","Ingénieurs mécatroniciens et de systèmes"
"21450","2145","Ingénieurs chimistes"
"21460","2146","Ingénieurs des mines, ingénieurs métallurgistes et assimilés"
"21490","2149","Ingénieurs, sciences techniques non classés ailleurs"
"21500","2150","Ingénieurs de l’électrotechnique, sip"
"21510","2151","Ingénieurs électriciens"
"21520","2152","Ingénieurs électroniciens"
"21530","2153","Spécialistes des télécommunications"
"21600","2160","Architectes, urbanistes, géomètres et concepteurs, sip"
"21610","2161","Architectes, architectes d'intérieur"
"21620","2162","Architectes paysagistes"
"21630","2163","Concepteurs modélistes de produits et de vêtements"
"21640","2164","Urbanistes et ingénieurs de la circulation routière"
"21650","2165","Cartographes et géomètres"
"21660","2166","Concepteurs graphiques, multimédia – graphistes"
"22000","2200","Spécialistes de la santé, sip"
"22100","2210","Médecins, sip"
"22110","2211","Médecins généralistes"
"22120","2212","Médecins spécialistes"
"22200","2220","Chefs des services de soins, infirmiers et sages-femmes, sip"
"22210","2221","Chefs des services de soins et infirmiers, sip"
"22211","2221","Chefs des services de soins"
"22212","2221","Infirmiers"
"22213","2221","Infirmiers avec spécialisation"
"22220","2222","Sages-femmes"
"22300","2230","Spécialistes des médecines traditionnelles et des médecines complémentaires"
"22400","2240","Praticiens paramédicaux"
"22500","2250","Vétérinaires"
"22600","2260","Autres spécialistes des professions de la santé, sip"
"22610","2261","Dentistes"
"22620","2262","Pharmaciens"
"22630","2263","Spécialistes de la salubrité de l’environnement, de l’hygiène et de la santé au travail"
"22640","2264","Physiothérapeutes"
"22650","2265","Diététiciens et spécialistes de la nutrition"
"22660","2266","Audiologistes et orthophonistes"
"22670","2267","Optométristes"
"22690","2269","Spécialistes de la santé non classés ailleurs"
"22691","2269","Ergothérapeutes"
"23000","2300","Spécialistes de l’enseignement, sip"
"23100","2310","Professeurs d’université et d’établissements d’enseignement supérieur"
"23200","2320","Professeurs, enseignement technique et professionnel"
"23300","2330","Professeurs, enseignement secondaire, sip"
"23301","2330","Professeurs, enseignement secondaire II - formation générale"
"23302","2330","Professeurs, enseignement secondaire I"
"23400","2340","Instituteurs, enseignement primaire et éducateurs de la petite enfance, sip"
"23410","2341","Instituteurs, enseignement primaire"
"23420","2342","Enseignants, école enfantine"
"23421","2342","Educateurs de l'enfance"
"23500","2350","Autres spécialistes de l’enseignement, sip"
"23510","2351","Spécialistes des méthodes d’enseignement"
"23520","2352","Enseignants, éducation spécialisée"
"23530","2353","Professeurs de langues"
"23540","2354","Professeurs de musique"
"23550","2355","Professeurs de disciplines artistiques"
"23560","2356","Formateurs en technologies de l’information"
"23590","2359","Spécialistes de l’enseignement, non classés ailleurs"
"24000","2400","Spécialistes en administration d’entreprises, sip"
"24100","2410","Spécialistes en finances, sip"
"24110","2411","Experts comptables"
"24120","2412","Conseillers en finances et investissements"
"24130","2413","Analystes financiers"
"24200","2420","Spécialistes des fonctions administratives, sip"
"24210","2421","Analystes, gestion et organisation"
"24220","2422","Spécialistes, administration et politiques"
"24230","2423","Spécialistes, ressources humaines et évolution de carrière"
"24240","2424","Spécialistes de la formation du personnel"
"24300","2430","Spécialistes des ventes, du marketing et des relations publiques, sip"
"24310","2431","Spécialistes du marketing et de la publicité"
"24320","2432","Spécialistes des relations publiques"
"24330","2433","Spécialistes techniques des ventes (à l’exception des TIC), sip"
"24331","2433","Spécialistes techniques des ventes (à l’exception des TIC), secteur technique"
"24332","2433","Spécialistes techniques des ventes (à l’exception des TIC), secteur médical"
"24340","2434","Spécialistes techniques des ventes, technologies de l’information et de la communication"
"25000","2500","Spécialistes des technologies de l’information et de la communication, sip"
"25100","2510","Concepteurs et analystes de logiciels et de multimédia (sans ingénieurs en informatique), sip"
"25101","2510","Ingénieurs en informatique"
"25110","2511","Analystes de systèmes, sip"
"25111","2511","Analystes de systèmes, architecture et controlling"
"25112","2511","Analystes de systèmes, conseil ICT"
"25120","2512","Concepteurs de logiciels, sip"
"25121","2512","Concepteurs de logiciels, développement de logiciels"
"25122","2512","Concepteurs de logiciels, informatique de gestion"
"25123","2512","Concepteurs de logiciels, architecture et ingénierie système"
"25124","2512","Concepteurs de logiciels, management de projet"
"25130","2513","Médiamaticiens"
"25140","2514","Programmeurs d’applications"
"25190","2519","Concepteurs et analystes de logiciels, et concepteurs de multimédia non classés ailleurs (à l'exception de la qualité et du testing)"
"25191","2519","Concepteurs et analystes de logiciels, et concepteurs de multimédia non classés ailleurs, qualité et testing"
"25200","2520","Spécialistes des bases de données et des réseaux d’ordinateurs, sip"
"25210","2521","Spécialistes des bases de données"
"25220","2522","Administrateurs de systèmes"
"25230","2523","Spécialistes des réseaux d’ordinateurs"
"25290","2529","Spécialistes des bases de données et des réseaux d’ordinateurs non classés ailleurs (à l'exception de la sécurité et du data mining)"
"25291","2529","Spécialistes des bases de données et des réseaux d’ordinateurs non classés ailleurs, sécurité et data mining"
"26000","2600","Spécialistes de la justice, des sciences sociales et de la culture, sip"
"26100","2610","Juristes, sip"
"26110","2611","Avocats"
"26120","2612","Magistrats"
"26190","2619","Juristes non classés ailleurs (sauf notaires)"
"26191","2619","Juristes non classés ailleurs, notaires"
"26200","2620","Archivistes, bibliothécaires, documentalistes et assimilés, sip"
"26210","2621","Archivistes paléographes et conservateurs de musée"
"26220","2622","Bibliothécaires, documentalistes et professions assimilées"
"26300","2630","Spécialistes des sciences sociales et du clergé, sip"
"26310","2631","Économistes"
"26320","2632","Sociologues, anthropologues et assimilés"
"26330","2633","Philosophes, historiens et spécialistes des sciences politiques"
"26340","2634","Psychologues"
"26350","2635","Spécialistes du travail social"
"26360","2636","Ministres des cultes"
"26400","2640","Auteurs, journalistes et linguistes, sip"
"26410","2641","Auteurs et autres écrivains"
"26420","2642","Journalistes"
"26430","2643","Traducteurs, interprètes et linguistes"
"26500","2650","Artistes créateurs et exécutants, sip"
"26510","2651","Artistes plasticiens"
"26520","2652","Compositeurs, musiciens et chanteurs"
"26530","2653","Danseurs et chorégraphes"
"26540","2654","Metteurs en scène de cinéma, de théâtre et d’autres spectacles"
"26550","2655","Acteurs"
"26560","2656","Annonceurs-présentateurs de radio, de télévision et autres médias"
"26590","2659","Artistes créateurs et exécutants non classés ailleurs"
"30000","3000","Professions intermédiaires, sip"
"30001","3000","Chefs de projet, sip"
"30002","3000","Chefs de groupe, sip"
"31000","3100","Professions intermédiaires des sciences et techniques, sip"
"31100","3110","Techniciens des sciences physiques et techniques, sip"
"31110","3111","Techniciens des sciences chimiques et physiques, sip"
"31111","3111","Techniciens des sciences chimiques"
"31112","3111","Techniciens des sciences physiques"
"31120","3112","Conducteur de travaux et techniciens du génie civil, sip"
"31121","3112","Conducteurs de travaux, secteur principal de la construction"
"31122","3112","Conducteurs de travaux, second œuvre"
"31130","3113","Techniciens en électricité"
"31140","3114","Techniciens en électronique"
"31150","3115","Techniciens en construction de machines, technique système, automation et processus d'entreprise, sip"
"31151","3115","Techniciens en construction de machines"
"31152","3115","Techniciens en technique système et automation"
"31153","3115","Techniciens en processus d'entreprise"
"31160","3116","Techniciens en chimie industrielle"
"31170","3117","Techniciens des mines, techniciens métallurgistes"
"31180","3118","Dessinateurs industriels, sip"
"31181","3118","Dessinateurs industriels, machines"
"31182","3118","Dessinateurs industriels, bâtiment"
"31183","3118","Dessinateurs industriels, technique du bâtiment"
"31184","3118","Dessinateurs industriels, géomatique"
"31190","3119","Techniciens des sciences physiques et techniques non classés ailleurs"
"31200","3120","Superviseurs des mines, des industries manufacturières et contremaîtres du bâtiment, sip"
"31210","3121","Superviseurs, mines"
"31220","3122","Superviseurs, industries manufacturières"
"31230","3123","Contremaîtres, bâtiment, sip"
"31231","3123","Contremaîtres, bâtiment, secteur principal de la construction"
"31232","3123","Contremaîtres, bâtiment, second œuvre"
"31300","3130","Techniciens, contrôle de processus industriels, sip"
"31310","3131","Conducteurs d’installations de production d’énergie"
"31320","3132","Conducteurs d’incinérateurs et d’installations de traitement de l’eau"
"31330","3133","Conducteurs d’installations de traitement chimique"
"31340","3134","Conducteurs d’installations de raffinage de pétrole et de gaz naturel"
"31350","3135","Contrôleurs des processus industriels, métallurgie"
"31390","3139","Techniciens, contrôle de processus industriels non classés ailleurs"
"31400","3140","Techniciens et travailleurs assimilés des sciences de la vie, sip"
"31410","3141","Techniciens des sciences de la vie (à l’exception de la médecine)"
"31420","3142","Techniciens, agriculture et élevage"
"31430","3143","Techniciens, sylviculture"
"31500","3150","Contrôleurs et techniciens des moyens de transport maritime et aérien, sip"
"31510","3151","Officiers mécaniciens de navires"
"31520","3152","Officiers de pont et pilotes"
"31530","3153","Pilotes d’avions et assimilés"
"31540","3154","Contrôleurs de la circulation aérienne"
"31550","3155","Techniciens de la sécurité aérienne"
"32000","3200","Professions intermédiaires de la santé, sip"
"32100","3210","Techniciens de la médecine et de la pharmacie, sip"
"32110","3211","Techniciens d’appareils électromédicaux"
"32120","3212","Techniciens de laboratoire médical"
"32130","3213","Techniciens et assistants pharmaciens et préparateurs en pharmacie"
"32140","3214","Techniciens de prothèses médicales et dentaires"
"32200","3220","Personnel soignant et sages-femmes (niveau intermédiaire), sip"
"32210","3221","Personnel soignant (niveau intermédiaire)"
"32220","3222","Sages-femmes (niveau intermédiaire)"
"32300","3230","Praticiens des médecines traditionnelles et des médecines complémentaires"
"32400","3240","Techniciens et assistants vétérinaires"
"32500","3250","Autres professions intermédiaires de la santé, sip"
"32510","3251","Hygiénistes dentaires"
"32511","3251","Assistants en médecine dentaire"
"32520","3252","Techniciens de dossiers médicaux"
"32530","3253","Agents de santé communautaire"
"32540","3254","Opticiens"
"32550","3255","Techniciens et assistants en physiothérapie"
"32560","3256","Assistants médicaux"
"32570","3257","Inspecteurs, salubrité de l’environnement et de la santé au travail, et assimilés"
"32580","3258","Ambulanciers"
"32590","3259","Professions intermédiaires de la santé non classées ailleurs"
"33000","3300","Professions intermédiaires, finance et administration, sip"
"33100","3310","Professions intermédiaires de la finance et des mathématiques, sip"
"33110","3311","Courtiers en valeurs et cambistes"
"33120","3312","Responsables des prêts"
"33130","3313","Professions intermédiaires de la comptabilité"
"33140","3314","Professions intermédiaires de la statistique, des mathématiques et assimilées"
"33150","3315","Commissaires-priseurs et autres experts en évaluation"
"33200","3320","Agents de vente et d’achat, courtiers, sip"
"33210","3321","Agents d’assurances"
"33220","3322","Représentants et techniciens commerciaux"
"33230","3323","Acheteurs"
"33240","3324","Courtiers en marchandises"
"33300","3330","Agents de services commerciaux, sip"
"33310","3331","Transitaires"
"33320","3332","Organisateurs de conférences et d’événements"
"33330","3333","Agents d’emploi et de recrutement de main-d’œuvre"
"33340","3334","Agents immobiliers"
"33390","3339","Agents de services commerciaux non classés ailleurs"
"33400","3340","Secrétaires d’administration et secrétaires spécialisés, sip"
"33410","3341","Superviseurs, travail de bureau"
"33420","3342","Secrétaires, services juridiques"
"33430","3343","Secrétaires d’administration et secrétaires exécutifs"
"33440","3344","Secrétaires médicaux"
"33500","3350","Professions intermédiaires de l’application de la loi et assimilées, sip"
"33510","3351","Inspecteurs des douanes et des frontières"
"33520","3352","Contrôleurs des impôts"
"33530","3353","Agents des services publics accordant des prestations sociales"
"33540","3354","Agents des services publics accordant des permis et des licences"
"33550","3355","Inspecteurs et enquêteurs de police"
"33590","3359","Professions intermédiaires de l’application de la loi et assimilées non classées ailleurs"
"34000","3400","Professions intermédiaires des services juridiques, des services sociaux et assimilés, sip"
"34100","3410","Professions intermédiaires des services juridiques, des services sociaux et des religions, sip"
"34110","3411","Professions juridiques intermédiaires et assimilées"
"34120","3412","Professions intermédiaires du travail social"
"34130","3413","Professions intermédiaires des religions"
"34200","3420","Travailleurs du secteur des sports et des activités de remise en forme, sip"
"34210","3421","Athlètes et sportifs de compétition"
"34220","3422","Entraîneurs sportifs et arbitres de sport"
"34230","3423","Instructeurs et animateurs de programmes, loisirs et activités de remise en forme"
"34300","3430","Professions intermédiaires de la culture, de la création artistique et des activités culinaires, sip"
"34310","3431","Photographes"
"34320","3432","Décorateurs et designers d’intérieurs"
"34330","3433","Techniciens de galeries d’art, de musées et de bibliothèques"
"34340","3434","Chefs cuisiniers, chefs cuisiniers remplaçants et sous-chefs cuisiniers"
"34350","3435","Autres professions intermédiaires de la culture et de la création artistique"
"35000","3500","Techniciens de l’information et de la communication, sip"
"35100","3510","Techniciens, opérations et soutien aux utilisateurs des technologies de l’information et de la communication, sip"
"35110","3511","Techniciens des technologies de l’information et de la communication, opérations"
"35120","3512","Techniciens des technologies de l’information et de la communication, soutien aux utilisateurs"
"35130","3513","Techniciens, réseaux et systèmes d’ordinateurs"
"35140","3514","Techniciens de l’internet"
"35200","3520","Techniciens des télécommunications et de la radiodiffusion, sip"
"35210","3521","Techniciens de radio-télévision et d’enregistrement audiovisuel"
"35220","3522","Techniciens des télécommunications"
"40000","4000","Employés de type administratif, sip"
"41000","4100","Employés de bureau, sip"
"41100","4110","Employés de bureau, fonctions générales"
"41200","4120","Secrétaires (fonctions générales)"
"41300","4130","Opérateurs sur clavier, sip"
"41310","4131","Dactylographes et opérateurs de traitement de texte"
"41320","4132","Opérateurs sur clavier numérique"
"42000","4200","Employés de type administratif avec contact client,sip"
"42100","4210","Guichetiers, encaisseurs et assimilés, sip"
"42110","4211","Guichetiers et employés qualifiés des prestations financières, sip"
"42111","4211","Guichetiers d'offices postaux"
"42112","4211","Employés qualifiés des prestations financières"
"42120","4212","Croupiers et assimilés dans le secteur des jeux de hasard"
"42130","4213","Prêteurs sur gages et bailleurs de fonds"
"42140","4214","Encaisseurs et assimilés"
"42200","4220","Employés chargés d’informer la clientèle, sip"
"42210","4221","Consultants et employés d’agence de voyages"
"42220","4222","Employés de centre d’appel"
"42230","4223","Téléphonistes-standardistes"
"42240","4224","Réceptionnistes, hôtellerie"
"42250","4225","Employés, service d’information"
"42260","4226","Réceptionnistes (fonctions générales)"
"42270","4227","Intervieweurs, enquêtes et études de marché"
"42290","4229","Employés chargés d’informer la clientèle non classés ailleurs"
"43000","4300","Employés des services comptables et d’approvisionnement, sip"
"43100","4310","Employés des services comptables et financiers, sip"
"43110","4311","Aides comptables et teneurs de livres"
"43120","4312","Employés de services statistiques ou financiers"
"43130","4313","Employés des services de paie"
"43200","4320","Employés d’approvisionnement, d’ordonnancement et des transports, sip"
"43210","4321","Employés du service des stocks"
"43220","4322","Employés du service d’ordonnancement de la production"
"43230","4323","Employés du service des transports"
"44100","4410","Autres employés de type administratif, sip"
"44110","4411","Employés de bibliothèque"
"44120","4412","Employés de service du courrier"
"44130","4413","Codeurs, correcteurs d’épreuves et assimilés"
"44140","4414","Écrivains publics et assimilés"
"44150","4415","Classeurs-archivistes"
"44160","4416","Employés, service du personnel"
"44190","4419","Employés administratifs non classés ailleurs, sip"
"44191","4419","Employés administratifs, marketing et publicité"
"44192","4419","Employés administratifs, vente"
"50000","5000","Personnel des services directs aux particuliers, commerçants et vendeurs, sip"
"51000","5100","Personnel des services directs aux particuliers, sip"
"51100","5110","Agents d’accompagnement et assimilés (transports et tourisme), sip"
"51110","5111","Agents d’accueil et stewards"
"51120","5112","Contrôleurs et receveurs de transports publics"
"51130","5113","Guides"
"51200","5120","Cuisiniers"
"51300","5130","Chefs de service, spécialistes, auxiliaires de restauration et barmen, sip"
"51310","5131","Chefs de service, spécialistes et auxiliaires de la restauration, sip"
"51311","5131","Chefs de service de la restauration"
"51312","5131","Spécialistes en restauration"
"51313","5131","Auxiliaires de restauration"
"51320","5132","Barmen"
"51400","5140","Coiffeurs, esthéticiens et assimilés, sip"
"51410","5141","Coiffeurs"
"51420","5142","Esthéticiens et assimilés"
"51500","5150","Intendants, gouvernantes et concierges, sip"
"51510","5151","Intendants et superviseurs des services de nettoyage de bureaux, des hôtels et d’autres établissements, sip"
"51511","5151","Superviseurs des services de nettoyage de bureaux, des hôtels et d’autres établissements"
"51512","5151","Intendants des services de nettoyage de bureaux, des hôtels et d’autres établissements"
"51520","5152","Gouvernantes et intendants à domicile"
"51530","5153","Concierges de bâtiments"
"51600","5160","Autre personnel des services directs aux particuliers, sip"
"51610","5161","Astrologues, diseurs de bonne aventure et assimilés"
"51620","5162","Personnel de compagnie et valets de chambre"
"51630","5163","Agents de pompes funèbres et embaumeurs"
"51640","5164","Toiletteurs et gardiens d’animaux"
"51650","5165","Moniteurs d’auto-école"
"51690","5169","Personnel des services directs aux particuliers, non classé ailleurs"
"52000","5200","Commerçants et vendeurs, sip"
"52100","5210","Vendeurs sur les marchés et vendeurs ambulants, sip"
"52110","5211","Vendeurs à l’étal et sur les marchés"
"52120","5212","Vendeurs ambulants de comestibles"
"52200","5220","Commerçants et vendeurs, magasins, sip"
"52210","5221","Commerçants, magasins"
"52220","5222","Superviseurs, magasins"
"52230","5223","Vendeurs, magasins"
"52231","5223","Droguistes"
"52300","5230","Caissiers et billettistes"
"52400","5240","Autres vendeurs, sip"
"52410","5241","Mannequins et autres modèles"
"52420","5242","Démonstrateurs en magasin"
"52430","5243","Vendeurs au porte-à-porte"
"52440","5244","Télévendeurs"
"52450","5245","Pompistes"
"52460","5246","Commis au comptoir, restauration rapide"
"52490","5249","Vendeurs non classés ailleurs"
"53000","5300","Auxililaires des soins et de l'assistance, sip"
"53110","5311","Gardes d’enfants"
"53120","5312","Aides-enseignants"
"53200","5320","Auxiliaires de soins, sip"
"53210","5321","Auxiliaires de soins en institution"
"53220","5322","Auxiliaires de soins à domicile et aides familiales, sip"
"53221","5322","Auxiliaires de soins à domicile"
"53222","5322","Aides à domicile"
"53290","5329","Auxiliaires de soins et assimilés, non classés ailleurs"
"54100","5410","Personnel des services de protection et de sécurité, sip"
"54110","5411","Pompiers"
"54120","5412","Agents de police"
"54130","5413","Agents de détention"
"54140","5414","Personnel des services de sécurité"
"54190","5419","Personnel des services de protection et de sécurité, non classé ailleurs"
"60000","6000","Agriculteurs et ouvriers qualifiés de l’agriculture, de la sylviculture et de la pêche, sip"
"61000","6100","Agriculteurs et ouvriers qualifiés de l’agriculture commerciale, sip"
"61100","6110","Agriculteurs et ouvriers qualifiés, cultures, sip"
"61110","6111","Agriculteurs et ouvriers qualifiés, cultures maraîchères"
"61120","6112","Producteurs de fruits et de baies, sip"
"61121","6112","Producteurs de fruits et de baies (à l'exception de la viticulture)"
"61122","6112","Producteurs de fruits et de baies, viticulture"
"61130","6113","Horticulteurs, sip"
"61131","6113","Horticulteurs, paysagisme"
"61132","6113","Horticulteurs, production de plantes"
"61140","6114","Agriculteurs et ouvriers qualifiés, cultures diversifiées"
"61200","6120","Éleveurs et ouvriers qualifiés de l’élevage commercial et assimilés, sip"
"61210","6121","Éleveurs et ouvriers qualifiés de l’élevage de bétail, sip"
"61211","6121","Éleveurs et ouvriers qualifiés de l’élevage de bétail (à l'exception du domaine équin)"
"61212","6121","Éleveurs et ouvriers qualifiés de l’élevage de bétail, domaine équin"
"61220","6122","Aviculteurs et ouvriers qualifiés de l’aviculture"
"61230","6123","Apiculteurs, sériciculteurs et ouvriers qualifiés de l’apiculture et de la sériciculture"
"61290","6129","Éleveurs et ouvriers qualifiés de l’élevage commercial et assimilés, non classés ailleurs"
"61300","6130","Agriculteurs et ouvriers qualifiés des cultures et de l’élevage à but commercial"
"62000","6200","Professions commerciales qualifiées de la sylviculture, de la pêche et de la chasse, sip"
"62100","6210","Exploitants et ouvriers forestiers"
"62200","6220","Pêcheurs, chasseurs et trappeurs, sip"
"62210","6221","Aquaculteurs et ouvriers de l’aquaculture"
"62220","6222","Pêcheurs de la pêche côtière et en eaux intérieures"
"62230","6223","Pêcheurs de la pêche en haute mer"
"62240","6224","Chasseurs et trappeurs"
"63000","6300","Agriculteurs, pêcheurs, chasseurs et cueilleurs de subsistance, sip"
"63100","6310","Agriculteurs, subsistance"
"63200","6320","Éleveurs de bétail, subsistance"
"63300","6330","Agriculteurs et éleveurs, subsistance"
"63400","6340","Pêcheurs, chasseurs, trappeurs et cueilleurs, subsistance"
"70000","7000","Métiers qualifiés de l’industrie et de l’artisanat, sip"
"71000","7100","Métiers qualifiés du bâtiment et assimilés, sauf électriciens, sip"
"71100","7110","Métiers qualifiés du bâtiment (domaine principal de la construction) et assimilés, sip"
"71110","7111","Constructeurs de maisons"
"71120","7112","Maçons, sip"
"71121","7112","Maçons (sauf poêliers-fumistes)"
"71122","7112","Maçons, poêliers-fumistes"
"71130","7113","Fendeurs et tailleurs de pierre"
"71140","7114","Constructeurs en béton armé, maçons ragréeurs et assimilés"
"71150","7115","Charpentiers, menuisiers du bâtiment, installateurs de stores, constructeurs de bateaux, sip"
"71151","7115","Charpentiers"
"71152","7115","Menuisiers du bâtiment"
"71153","7115","Installateurs de stores"
"71154","7115","Constructeurs de bateaux"
"71190","7119","Métiers qualifiés du bâtiment et assimilés non classés ailleurs"
"71200","7120","Métiers qualifiés du bâtiment (second oeuvre) et assimilés, sip"
"71210","7121","Couvreurs et zingueurs"
"71220","7122","Poseurs de revêtements de sol et carreleurs"
"71230","7123","Plâtriers, constructeurs à sec"
"71240","7124","Monteurs en isolation thermique et acoustique, sip"
"71241","7124","Isoleurs, enveloppe des bâtiments"
"71242","7124","Calorifugeurs-tôliers"
"71250","7125","Vitriers"
"71260","7126","Installateurs de chauffage, ferblantiers et installateurs sanitaires, sip"
"71261","7126","Installateurs de chauffage"
"71262","7126","Ferblantiers"
"71263","7126","Installateurs sanitaires"
"71270","7127","Mécaniciens-installateurs réfrigération, climatisation et aération sip"
"71271","7127","Mécaniciens-installateurs aération"
"71272","7127","Mécaniciens-installateurs climatisation et réfrigération"
"71300","7130","Peintres, ravaleurs de façades et assimilés, sip"
"71310","7131","Peintres en bâtiment et poseurs de papiers peints"
"71320","7132","Laqueurs, vernisseurs et assimilés"
"71330","7133","Ravaleurs de façades et ramoneurs"
"72000","7200","Métiers qualifiés de la métallurgie, la construction mécanique (sans polymécanique et mécanique de production) et assimilés, sip"
"72001","7200","Polymécaniciens et mécaniciens de production"
"72100","7210","Mouleurs de fonderie, soudeurs, tôliers-chaudronniers, monteurs de charpentes métalliques et assimilés (à l'exception des constructeurs d'appareils industriels), sip"
"72101","7210","Constructeurs d'appareils industriels"
"72110","7211","Mouleurs et noyauteurs de fonderie"
"72120","7212","Soudeurs et oxycoupeurs"
"72130","7213","Tôliers-chaudronniers"
"72140","7214","Charpentiers métalliers et monteurs de charpentes métalliques"
"72150","7215","Gréeurs et épisseurs de câbles"
"72200","7220","Forgerons, outilleurs et assimilés, sip"
"72210","7221","Forgerons, estampeurs et conducteurs de presses à forger"
"72220","7222","Outilleurs et assimilés"
"72230","7223","Régleurs et conducteurs de machines-outils"
"72240","7224","Meuleurs, polisseurs et affûteurs"
"72300","7230","Mécaniciens et réparateurs de machines, sip"
"72310","7231","Mécaniciens et réparateurs de véhicules à moteur"
"72320","7232","Mécaniciens et réparateurs de moteurs d’avion"
"72330","7233","Mécaniciens et réparateurs de machines agricoles et industrielles"
"72340","7234","Réparateurs de bicyclettes et assimilés"
"73000","7300","Métiers qualifiés de l’artisanat et de l’imprimerie, sip"
"73100","7310","Métiers de l’artisanat, sip"
"73110","7311","Horlogers, opérateurs en horlogerie et micromécaniciens, sip"
"73111","7311","Horlogers"
"73112","7311","Opérateurs en horlogerie"
"73113","7311","Micromécaniciens"
"73120","7312","Facteurs et accordeurs d’instruments de musique"
"73130","7313","Joailliers et orfèvres"
"73140","7314","Potiers et assimilés (produits céramiques et abrasifs)"
"73150","7315","Souffleurs, mouleurs, tailleurs, meuleurs et polisseurs de verre"
"73160","7316","Peintres d’enseignes, peintres-décorateurs et graveurs"
"73170","7317","Métiers de l’artisanat sur bois et sur des matériaux similaires"
"73180","7318","Métiers de l’artisanat sur textile, sur cuir et sur des matériaux similaires"
"73190","7319","Métiers de l’artisanat non classés ailleurs"
"73200","7320","Métiers de l’imprimerie, sip"
"73210","7321","Techniciens de prépresse"
"73220","7322","Imprimeurs"
"73230","7323","Relieurs et assimilés"
"74000","7400","Métiers de l’électricité et de l’électrotechnique, sip"
"74100","7410","Installateurs et réparateurs, équipements électriques, sip"
"74110","7411","Électriciens du bâtiment et assimilés"
"74120","7412","Mécaniciens et ajusteurs d’appareils électriques"
"74130","7413","Monteurs et réparateurs de lignes électriques"
"74200","7420","Monteurs et réparateurs, électronique et télécommunications, sip"
"74210","7421","Mécaniciens et réparateurs d’appareils électroniques"
"74220","7422","Monteurs et réparateurs, technologies de l’information et de la communication"
"75000","7500","Métiers de l’alimentation, du travail sur bois, de l’habillement et autres métiers qualifiés de l’industrie et de l’artisanat, sip"
"75100","7510","Métiers qualifiés de l’alimentation et assimilés, sip"
"75110","7511","Bouchers, poissonniers et assimilés"
"75120","7512","Boulangers, pâtissiers et confiseurs"
"75130","7513","Fabricants des produits laitiers"
"75140","7514","Conserveurs de fruits, de légumes et assimilés"
"75150","7515","Dégustateurs et classeurs de denrées alimentaires et de boissons"
"75160","7516","Métiers qualifiés de la préparation du tabac et de la fabrication des produits du tabac"
"75200","7520","Métiers qualifiés du traitement du bois, ébénistes et assimilés, sip"
"75210","7521","Métiers qualifiés du traitement du bois"
"75220","7522","Menuisiers-ébénistes et assimilés"
"75230","7523","Régleurs et conducteurs de machines à bois"
"75300","7530","Métiers qualifiés de l’habillement et assimilés, sip"
"75310","7531","Tailleurs, couturiers, fourreurs, modistes et chapeliers"
"75320","7532","Métiers qualifiés de la coupe de vêtements et assimilés"
"75330","7533","Couseurs, brodeurs et assimilés"
"75340","7534","Tapissiers et assimilés"
"75350","7535","Tanneurs, peaussiers et mégissiers"
"75360","7536","Cordonniers et assimilés"
"75400","7540","Autres métiers qualifiés de l’industrie et de l’artisanat, sip"
"75410","7541","Scaphandriers et plongeurs"
"75420","7542","Boutefeux"
"75430","7543","Contrôleurs et testeurs de produits (à l’exception des aliments et des boissons)"
"75440","7544","Fumigateurs et préposés au contrôle de la vermine et des mauvaises herbes"
"75490","7549","Métiers qualifiés de l’industrie et de l’artisanat non classés ailleurs"
"80000","8000","Conducteurs d’installations et de machines, et ouvriers de l’assemblage, sip"
"81000","8100","Conducteurs de machines et d’installations fixes, sip"
"81100","8110","Conducteurs d’installations d’exploitation minière et d’extraction des minéraux, sip"
"81110","8111","Mineurs et conducteurs d’installations de mine"
"81120","8112","Conducteurs d’installations de préparation des minerais et de la roche"
"81130","8113","Foreurs, sondeurs de puits et assimilés"
"81140","8114","Conducteurs de machines à fabriquer du ciment, de la pierre et d’autres produits minéraux"
"81200","8120","Conducteurs d’installations de transformation et de traitement superficiel des métaux, sip"
"81210","8121","Conducteurs d’installations de transformation et de traitement des métaux"
"81220","8122","Conducteurs d’installations de traitement superficiel des métaux"
"81300","8130","Conducteurs d’installations et de machines pour la fabrication des produits chimiques et photographiques, sip"
"81310","8131","Conducteurs d’installations et de machines de traitement chimique"
"81320","8132","Conducteurs de machines pour la fabrication des produits photographiques"
"81400","8140","Conducteurs de machines pour la fabrication de produits en caoutchouc, en matières plastiques et en papeterie, sip"
"81410","8141","Conducteurs de machines pour la fabrication des produits en caoutchouc"
"81420","8142","Conducteurs de machines pour la fabrication de produits en matières plastiques"
"81430","8143","Conducteurs de machines de papeterie"
"81500","8150","Conducteurs de machines pour la fabrication de produits textiles et d’articles en fourrure et en cuir, sip"
"81510","8151","Conducteurs de machines à préparer les fibres, à filer et à bobiner"
"81520","8152","Conducteurs de métiers mécaniques à tisser et à tricoter"
"81530","8153","Conducteurs de machines à coudre"
"81540","8154","Conducteurs de machines à blanchir, à teindre et à nettoyer les tissus"
"81550","8155","Conducteurs de machines à préparer les fourrures et le cuir"
"81560","8156","Conducteurs de machines pour la fabrication des chaussures et assimilés"
"81570","8157","Conducteurs de machines de blanchisserie"
"81590","8159","Conducteurs de machines pour la fabrication de produits textiles et d’articles en fourrure et en cuir, non classés ailleurs"
"81600","8160","Conducteurs de machines pour la fabrication de denrées alimentaires et de produits connexes, sip"
"81601","8160","Conducteurs de machines pour la fabrication de denrées alimentaires et de produits connexes (à l'exception de la vinification)"
"81602","8160","Conducteurs de machines pour la fabrication de denrées alimentaires et de produits connexes, vinification"
"81700","8170","Conducteurs d’installations pour la fabrication du papier et pour le travail du bois, sip"
"81710","8171","Conducteurs d’installations pour la fabrication du papier et de la pâte à papier"
"81720","8172","Conducteurs d’installations pour le travail du bois"
"81800","8180","Autres conducteurs de machines et d’installations fixes, sip"
"81810","8181","Conducteurs d’installations de verrerie et de céramique"
"81820","8182","Chauffeurs de machines à vapeur et de chaudières"
"81830","8183","Conducteurs de machines d’emballage, d’embouteillage et d’étiquetage"
"81890","8189","Conducteurs de machines et d’installations fixes non classés ailleurs"
"82000","8200","Ouvriers de l’assemblage, sip"
"82100","8210","Ouvriers de l’assemblage, sip"
"82110","8211","Monteurs en construction mécanique"
"82120","8212","Monteurs d’appareils électriques et électroniques"
"82190","8219","Monteurs et assembleurs non classés ailleurs"
"83000","8300","Conducteurs de véhicules et d’engins lourds de levage et de manœuvre, sip"
"83100","8310","Conducteurs de locomotives et assimilés, sip"
"83110","8311","Conducteurs de locomotives"
"83120","8312","Serre-freins, aiguilleurs et agents de manœuvre"
"83200","8320","Conducteurs d’automobiles, de camionnettes et de motocycles, sip"
"83210","8321","Conducteurs de motocycles"
"83220","8322","Chauffeurs de taxi et conducteurs d’automobiles et de camionnettes"
"83300","8330","Conducteurs de poids lourds et d’autobus, sip"
"83310","8331","Conducteurs d’autobus et de tramways"
"83320","8332","Conducteurs de poids lourds et de camions"
"83400","8340","Conducteurs de matériels et engins mobiles, sip"
"83410","8341","Conducteurs d’engins mobiles agricoles et forestiers"
"83420","8342","Conducteurs d’engins de terrassement et de matériels similaires, sip"
"83421","8342","Conducteurs d'engins de construction des routes et des voies de communication"
"83422","8342","Conducteurs de machines de chantier qualifiés"
"83430","8343","Conducteurs de grues, d'engins de levage divers et de matériels similaires, sip"
"83431","8343","Conducteurs de grues, d’engins de levage divers et de matériels similaires (sans remontées mécaniques)"
"83432","8343","Conducteurs de grues, d’engins de levage divers et de matériels similaires, remontées mécaniques"
"83440","8344","Conducteurs de chariots élévateurs"
"83500","8350","Matelots de pont et assimilés"
"90000","9000","Professions élémentaires, sip"
"91000","9100","Aides de ménage et de nettoyage, sip"
"91100","9110","Aides de ménage et agents d’entretien à domicile et dans les hôtels et bureaux, sip"
"91110","9111","Aides de ménage à domicile"
"91120","9112","Agents d’entretien dans les bureaux, les hôtels et autres établissements"
"91200","9120","Laveurs de véhicules et de vitres, laveurs de linge et autres nettoyeurs manuels, sip"
"91210","9121","Laveurs et repasseurs de linge à la main"
"91220","9122","Laveurs de véhicules"
"91230","9123","Laveurs de vitres"
"91290","9129","Autres nettoyeurs"
"92100","9210","Manœuvres de l’agriculture, de la pêche et de la sylviculture, sip"
"92110","9211","Manœuvres des cultures maraîchères et arboricoles"
"92120","9212","Manœuvres de l’élevage"
"92130","9213","Manœuvres de l’agriculture et de l’élevage"
"92140","9214","Manœuvres, paysagisme et horticulture"
"92150","9215","Manœuvres forestiers"
"92160","9216","Manœuvres pêcheurs et aquaculteurs"
"93000","9300","Manœuvres des mines, du bâtiment et des travaux publics, des industries manufacturières et des transports, sip"
"93100","9310","Manœuvres des mines, du bâtiment et des travaux publics, sip"
"93110","9311","Manœuvres des mines et des carrières"
"93120","9312","Manœuvres de chantier de travaux publics"
"93130","9313","Manœuvres du bâtiment, sip"
"93131","9313","Manœuvres du bâtiment, domaine principal de la construction"
"93132","9313","Manœuvres du bâtiment, second œuvre"
"93200","9320","Manœuvres des industries manufacturières, sip"
"93210","9321","Emballeurs à la main et autres manœuvres des industries manufacturières"
"93290","9329","Manœuvres des industries manufacturières non classés ailleurs"
"93300","9330","Manœuvres des transports et de l’entreposage, sip"
"93310","9331","Conducteurs de véhicules à bras et à pédales"
"93320","9332","Conducteurs de véhicules et de machines à traction animale"
"93330","9333","Manutentionnaires"
"93340","9334","Garnisseurs de rayons"
"94100","9410","Assistants de fabrication de l’alimentation, sip"
"94110","9411","Cuisiniers, restauration rapide"
"94120","9412","Aides-cuisiniers et aides de cuisine, sip"
"94121","9412","Aides-cuisiniers"
"94122","9412","Aides de cuisine"
"95000","9500","Vendeurs ambulants et autres travailleurs des petits métiers des rues et assimilés, sip"
"95100","9510","Travailleurs des petits métiers des rues et assimilés"
"95200","9520","Vendeurs ambulants (à l’exception de l’alimentation)"
"96000","9600","Éboueurs et autres travailleurs non qualifiés, sip"
"96100","9610","Éboueurs, sip"
"96110","9611","Manœuvres, enlèvement des ordures et matériel recyclable"
"96120","9612","Trieurs de déchets"
"96130","9613","Balayeurs et manœuvres assimilés"
"96200","9620","Autres professions élémentaires, sip"
"96210","9621","Messagers, porteurs de bagages et livreurs de colis"
"96220","9622","Manœuvres polyvalents"
"96230","9623","Encaisseurs de distributeurs automatiques à prépaiement et releveurs de compteurs"
"96240","9624","Porteurs d’eau et ramasseurs de bois de feu"
"96290","9629","Professions élémentaires non classées ailleurs"
